,Chromosome,Locus,k_mer_name
0,AE009952.1,"[114062, 114085]",CGTCTTTACGATCTGCCTGTTCT
1,AE009952.1,"[257531, 257554]",CGTCTTTACGATCTGCCTGTTCT
2,AE009952.1,"[600522, 600545]",CGTCTTTACGATCTGCCTGTTCT
3,AE009952.1,"[637970, 637993]",CGTCTTTACGATCTGCCTGTTCT
4,AE009952.1,"[723891, 723914]",CGTCTTTACGATCTGCCTGTTCT
5,AE009952.1,"[751358, 751381]",CGTCTTTACGATCTGCCTGTTCT
6,AE009952.1,"[784561, 784584]",CGTCTTTACGATCTGCCTGTTCT
7,AE009952.1,"[921277, 921300]",CGTCTTTACGATCTGCCTGTTCT
8,AE009952.1,"[1055341, 1055364]",CGTCTTTACGATCTGCCTGTTCT
9,AE009952.1,"[1367988, 1368011]",CGTCTTTACGATCTGCCTGTTCT
10,AE009952.1,"[1488287, 1488310]",CGTCTTTACGATCTGCCTGTTCT
11,AE009952.1,"[1633940, 1633963]",CGTCTTTACGATCTGCCTGTTCT
12,AE009952.1,"[1788836, 1788859]",CGTCTTTACGATCTGCCTGTTCT
13,AE009952.1,"[1825806, 1825829]",CGTCTTTACGATCTGCCTGTTCT
14,AE009952.1,"[2156562, 2156585]",CGTCTTTACGATCTGCCTGTTCT
15,AE009952.1,"[2356906, 2356929]",CGTCTTTACGATCTGCCTGTTCT
16,AE009952.1,"[2465542, 2465565]",CGTCTTTACGATCTGCCTGTTCT
17,AE009952.1,"[2476662, 2476685]",CGTCTTTACGATCTGCCTGTTCT
18,AE009952.1,"[2615322, 2615345]",CGTCTTTACGATCTGCCTGTTCT
19,AE009952.1,"[2882462, 2882485]",CGTCTTTACGATCTGCCTGTTCT
20,AE009952.1,"[3050201, 3050224]",CGTCTTTACGATCTGCCTGTTCT
21,AE009952.1,"[3127957, 3127980]",CGTCTTTACGATCTGCCTGTTCT
22,AE009952.1,"[3464151, 3464174]",CGTCTTTACGATCTGCCTGTTCT
23,AE009952.1,"[3621227, 3621250]",CGTCTTTACGATCTGCCTGTTCT
24,AE009952.1,"[3633071, 3633094]",CGTCTTTACGATCTGCCTGTTCT
25,AE009952.1,"[3639693, 3639716]",CGTCTTTACGATCTGCCTGTTCT
26,AE009952.1,"[3647797, 3647820]",CGTCTTTACGATCTGCCTGTTCT
27,AE009952.1,"[3905474, 3905497]",CGTCTTTACGATCTGCCTGTTCT
28,AE009952.1,"[3915222, 3915245]",CGTCTTTACGATCTGCCTGTTCT
29,AE009952.1,"[4008347, 4008370]",CGTCTTTACGATCTGCCTGTTCT
30,AE009952.1,"[4413948, 4413971]",CGTCTTTACGATCTGCCTGTTCT
31,AE009952.1,"[4576130, 4576153]",CGTCTTTACGATCTGCCTGTTCT
